"Id_day";"Id_hour";"BE";"DE";"FR";"vect_b";"Name"
1;1;0;-1;0;4400;"FB1"
1;1;-0,494018763678054;-0,664897355241773;-0,556472263654807;1708,28430492624;"FB2"
1;1;0,290683386075585;0,800771796404202;0,521659439936327;2554,27776597037;"FB3"
1;1;-0,013694126564246;-0,371794916774119;-0,926629459188287;1293,87717597376;"FB4"
1;1;0,7461345849761;0,343819480397667;0,566807346302538;2436,59107289872;"FB5"
1;1;-0,620936386493876;-0,316078144733548;-0,711919697469704;1355,10126214388;"FB6"
1;1;-1;0;0;4500;"FB7"
1;1;0;0;1;4001;"FB8"
1;1;-0,440361658437872;-0,372243524745429;-0,812481310506751;1263,53351530296;"FB9"
1;1;-0,232602282067252;-0,375896521679679;-0,894590877173709;1301,6405399318;"FB10"
1;1;-0,0106979782173781;0,846094275267751;0,528432235101807;2972,09657118079;"FB11"
1;1;0,621756874966873;-0,321100193899964;-0,708920402519927;3443,28687586415;"FB12"
1;1;-0,848445858882265;-0,31234045160239;-0,424468715900022;2393,25797326691;"FB13"
1;1;0,1226799731494;0,89735248076822;0,415812302185094;3490,118433166;"FB14"
1;1;-0,106087282880466;-0,759766962601738;-0,638893585776901;2774,07661928337;"FB15"
1;1;0,451842690175166;0,688101373235144;0,564112694348578;2426,18429912803;"FB16"
1;1;-0,487275501241053;0,383351733742424;0,766189617410188;5625,12571489889;"FB17"
1;1;0,607680924410553;-0,547541413552574;0,570701416900739;6028,38962696641;"FB18"
1;1;-0,648045540648724;0,0046140105947087;-0,756550495090218;2778,78820019406;"FB19"
1;1;0;0;-1;3440,13359219183;"FB20"
1;1;0,551654548685857;-0,173441554450434;0,805800763866556;5199,82308133747;"FB21"
1;1;-0,662201924374828;-0,491778259022554;-0,558753700458736;1754,85910835477;"FB22"
1;1;-0,219149062438163;-0,674917214644476;-0,700804462661553;2149,13956257289;"FB23"
1;1;0,214170069442899;-0,341146819820084;-0,912820251927522;2235,90460530386;"FB24"
1;1;0,389553022717449;-0,344554119805978;-0,852494831018015;2792,7712436677;"FB25"
1;1;-0,664491418187429;0,28141584666362;-0,685587669334305;4065,4612301338;"FB26"
1;1;-0,844948866270397;0,271475638503809;0,44186761807166;5829,97995627127;"FB27"
1;1;0,943664267575703;0,120997943843597;0,28603807061397;3704,74200604682;"FB28"
1;1;0,878015237632425;0,170507354003377;0,442928014160457;3464,33409835344;"FB29"
1;1;0,829667267020096;-0,275323838590017;-0,470443595014771;3824,14542739565;"FB30"
1;1;-0,774029282171199;-0,313700705595604;-0,548541034747888;1693,98000486766;"FB31"
1;1;0;1;0;5514,45126345696;"FB32"
1;1;-0,533115046238266;-0,59199774893678;-0,601716297718264;1652,60658032419;"FB33"
1;1;-0,329593653177808;-0,878569668688815;-0,333879117403696;3203,15006704848;"FB34"
1;1;-0,0244501726520984;-0,90860610006178;-0,400682146376967;3720,52433756994;"FB35"
1;1;-0,303644911188705;0,0782921794708315;-0,946860369950077;3758,70163012354;"FB36"
1;2;0;-1;0;4400;"FB1"
1;2;-0,494018763678054;-0,664897355241773;-0,556472263654807;1445,77736748503;"FB2"
1;2;0,290683386075585;0,800771796404202;0,521659439936327;2714,12878813932;"FB3"
1;2;-0,013694126564246;-0,371794916774119;-0,926629459188287;1784,62556946161;"FB4"
1;2;0,7461345849761;0,343819480397667;0,566807346302538;2193,80532108646;"FB5"
1;2;-0,620936386493876;-0,316078144733548;-0,711919697469704;1610,52062363323;"FB6"
1;2;-1;0;0;4500;"FB7"
1;2;0;0;1;4001;"FB8"
1;2;-0,440361658437872;-0,372243524745429;-0,812481310506751;1313,16364860886;"FB9"
1;2;-0,232602282067252;-0,375896521679679;-0,894590877173709;1349,63510118389;"FB10"
1;2;-0,0106979782173781;0,846094275267751;0,528432235101807;2886,54806843846;"FB11"
1;2;0,621756874966873;-0,321100193899964;-0,708920402519927;3495,74640242478;"FB12"
1;2;-0,848445858882265;-0,31234045160239;-0,424468715900022;2576,17465194653;"FB13"
1;2;0,1226799731494;0,89735248076822;0,415812302185094;3588,53974474081;"FB14"
1;2;-0,106087282880466;-0,759766962601738;-0,638893585776901;2897,06378880795;"FB15"
1;2;0,451842690175166;0,688101373235144;0,564112694348578;2530,7288165248;"FB16"
1;2;-0,487275501241053;0,383351733742424;0,766189617410188;5586,36506161949;"FB17"
1;2;0,607680924410553;-0,547541413552574;0,570701416900739;5864,38516125294;"FB18"
1;2;-0,648045540648724;0,0046140105947087;-0,756550495090218;2887,39392294116;"FB19"
1;2;0;0;-1;3881,71503797276;"FB20"
1;2;0,551654548685857;-0,173441554450434;0,805800763866556;5050,93934008232;"FB21"
1;2;-0,662201924374828;-0,491778259022554;-0,558753700458736;1708,16387335813;"FB22"
1;2;-0,219149062438163;-0,674917214644476;-0,700804462661553;2181,2596949707;"FB23"
1;2;0,214170069442899;-0,341146819820084;-0,912820251927522;2691,97652360699;"FB24"
1;2;0,389553022717449;-0,344554119805978;-0,852494831018015;3282,59391224356;"FB25"
1;2;-0,664491418187429;0,28141584666362;-0,685587669334305;4207,18042218574;"FB26"
1;2;-0,844948866270397;0,271475638503809;0,44186761807166;5802,53108315642;"FB27"
1;2;0,943664267575703;0,120997943843597;0,28603807061397;3329,04643925262;"FB28"
1;2;0,878015237632425;0,170507354003377;0,442928014160457;3081,32248507551;"FB29"
1;2;0,829667267020096;-0,275323838590017;-0,470443595014771;3630,43991372479;"FB30"
1;2;-0,774029282171199;-0,313700705595604;-0,548541034747888;1851,96696019349;"FB31"
1;2;0;1;0;5730,18015634047;"FB32"
1;2;-0,533115046238266;-0,59199774893678;-0,601716297718264;1509,63019158143;"FB33"
1;2;-0,329593653177808;-0,878569668688815;-0,333879117403696;3028,01376280852;"FB34"
1;2;-0,0244501726520984;-0,90860610006178;-0,400682146376967;3840,73957961311;"FB35"
1;2;-0,303644911188705;0,0782921794708315;-0,946860369950077;3986,7956179128;"FB36"
1;3;0;-1;0;4400;"FB1"
1;3;-0,494018763678054;-0,664897355241773;-0,556472263654807;1446,59308881136;"FB2"
1;3;0,290683386075585;0,800771796404202;0,521659439936327;2802,85325375076;"FB3"
1;3;-0,013694126564246;-0,371794916774119;-0,926629459188287;2148,45525109699;"FB4"
1;3;0,7461345849761;0,343819480397667;0,566807346302538;2019,6429734874;"FB5"
1;3;-0,620936386493876;-0,316078144733548;-0,711919697469704;1723,78437463273;"FB6"
1;3;-1;0;0;4500;"FB7"
1;3;0;0;1;4001;"FB8"
1;3;-0,440361658437872;-0,372243524745429;-0,812481310506751;1422,28875141999;"FB9"
1;3;-0,232602282067252;-0,375896521679679;-0,894590877173709;1470,56166060578;"FB10"
1;3;-0,0106979782173781;0,846094275267751;0,528432235101807;3258,18747490254;"FB11"
1;3;0,621756874966873;-0,321100193899964;-0,708920402519927;3851,0099435561;"FB12"
1;3;-0,848445858882265;-0,31234045160239;-0,424468715900022;2677,34725805292;"FB13"
1;3;0,1226799731494;0,89735248076822;0,415812302185094;3859,09447310748;"FB14"
1;3;-0,106087282880466;-0,759766962601738;-0,638893585776901;2836,96200353119;"FB15"
1;3;0,451842690175166;0,688101373235144;0,564112694348578;2624,87885258386;"FB16"
1;3;-0,487275501241053;0,383351733742424;0,766189617410188;5754,74891074778;"FB17"
1;3;0,607680924410553;-0,547541413552574;0,570701416900739;5722,54059524894;"FB18"
1;3;-0,648045540648724;0,0046140105947087;-0,756550495090218;3175,19933222787;"FB19"
1;3;0;0;-1;4403,23522651642;"FB20"
1;3;0,551654548685857;-0,173441554450434;0,805800763866556;4922,17242162364;"FB21"
1;3;-0,662201924374828;-0,491778259022554;-0,558753700458736;1757,30142701487;"FB22"
1;3;-0,219149062438163;-0,674917214644476;-0,700804462661553;2224,45252724935;"FB23"
1;3;0,214170069442899;-0,341146819820084;-0,912820251927522;3061,04343213614;"FB24"
1;3;0,389553022717449;-0,344554119805978;-0,852494831018015;3642,87712411286;"FB25"
1;3;-0,664491418187429;0,28141584666362;-0,685587669334305;4605,37599216638;"FB26"
1;3;-0,844948866270397;0,271475638503809;0,44186761807166;5921,77434967192;"FB27"
1;3;0,943664267575703;0,120997943843597;0,28603807061397;3435,21653149118;"FB28"
1;3;0,878015237632425;0,170507354003377;0,442928014160457;3146,53620625771;"FB29"
1;3;0,829667267020096;-0,275323838590017;-0,470443595014771;3861,8705069849;"FB30"
1;3;-0,774029282171199;-0,313700705595604;-0,548541034747888;1943,8709603238;"FB31"
1;3;0;1;0;6155,70540025694;"FB32"
1;3;-0,533115046238266;-0,59199774893678;-0,601716297718264;1536,46971358519;"FB33"
1;3;-0,329593653177808;-0,878569668688815;-0,333879117403696;3028,55798620991;"FB34"
1;3;-0,0244501726520984;-0,90860610006178;-0,400682146376967;3820,57054609102;"FB35"
1;3;-0,303644911188705;0,0782921794708315;-0,946860369950077;4279,5252829575;"FB36"
1;4;0;-1;0;4400;"FB1"
1;4;-0,494018763678054;-0,664897355241773;-0,556472263654807;1712,9757792915;"FB2"
1;4;0,290683386075585;0,800771796404202;0,521659439936327;2940,31305785187;"FB3"
1;4;-0,013694126564246;-0,371794916774119;-0,926629459188287;2313,07023920397;"FB4"
1;4;0,7461345849761;0,343819480397667;0,566807346302538;2057,7640824093;"FB5"
1;4;-0,620936386493876;-0,316078144733548;-0,711919697469704;1879,3192354854;"FB6"
1;4;-1;0;0;4500;"FB7"
1;4;0;0;1;4001;"FB8"
1;4;-0,440361658437872;-0,372243524745429;-0,812481310506751;1524,43520189538;"FB9"
1;4;-0,232602282067252;-0,375896521679679;-0,894590877173709;1371,5786020879;"FB10"
1;4;-0,0106979782173781;0,846094275267751;0,528432235101807;3471,74330207351;"FB11"
1;4;0,621756874966873;-0,321100193899964;-0,708920402519927;3853,60189607763;"FB12"
1;4;-0,848445858882265;-0,31234045160239;-0,424468715900022;2509,82094873329;"FB13"
1;4;0,1226799731494;0,89735248076822;0,415812302185094;4074,59880485896;"FB14"
1;4;-0,106087282880466;-0,759766962601738;-0,638893585776901;2785,34808814352;"FB15"
1;4;0,451842690175166;0,688101373235144;0,564112694348578;2699,56662022288;"FB16"
1;4;-0,487275501241053;0,383351733742424;0,766189617410188;5851,5076278197;"FB17"
1;4;0,607680924410553;-0,547541413552574;0,570701416900739;5715,76672151733;"FB18"
1;4;-0,648045540648724;0,0046140105947087;-0,756550495090218;3398,50919100797;"FB19"
1;4;0;0;-1;4723,82676821345;"FB20"
1;4;0,551654548685857;-0,173441554450434;0,805800763866556;4916,02307892394;"FB21"
1;4;-0,662201924374828;-0,491778259022554;-0,558753700458736;1971,27900697876;"FB22"
1;4;-0,219149062438163;-0,674917214644476;-0,700804462661553;2295,64870767671;"FB23"
1;4;0,214170069442899;-0,341146819820084;-0,912820251927522;3213,35509678736;"FB24"
1;4;0,389553022717449;-0,344554119805978;-0,852494831018015;3665,41197754019;"FB25"
1;4;-0,664491418187429;0,28141584666362;-0,685587669334305;4913,02834296985;"FB26"
1;4;-0,844948866270397;0,271475638503809;0,44186761807166;5990,29532449961;"FB27"
1;4;0,943664267575703;0,120997943843597;0,28603807061397;3389,56885893199;"FB28"
1;4;0,878015237632425;0,170507354003377;0,442928014160457;3121,90550040215;"FB29"
1;4;0,829667267020096;-0,275323838590017;-0,470443595014771;3747,88114008723;"FB30"
1;4;-0,774029282171199;-0,313700705595604;-0,548541034747888;2145,09033102319;"FB31"
1;4;0;1;0;6478,42205321557;"FB32"
1;4;-0,533115046238266;-0,59199774893678;-0,601716297718264;1771,88386577638;"FB33"
1;4;-0,329593653177808;-0,878569668688815;-0,333879117403696;3206,2800699725;"FB34"
1;4;-0,0244501726520984;-0,90860610006178;-0,400682146376967;3763,03785572578;"FB35"
1;4;-0,303644911188705;0,0782921794708315;-0,946860369950077;4478,47066207984;"FB36"
1;5;0;-1;0;4400;"FB1"
1;5;-0,494018763678054;-0,664897355241773;-0,556472263654807;1932,60653105766;"FB2"
1;5;0,290683386075585;0,800771796404202;0,521659439936327;2952,19155276027;"FB3"
1;5;-0,013694126564246;-0,371794916774119;-0,926629459188287;1959,26944256157;"FB4"
1;5;0,7461345849761;0,343819480397667;0,566807346302538;2314,24704090354;"FB5"
1;5;-0,620936386493876;-0,316078144733548;-0,711919697469704;1803,89969219841;"FB6"
1;5;-1;0;0;4500;"FB7"
1;5;0;0;1;4001;"FB8"
1;5;-0,440361658437872;-0,372243524745429;-0,812481310506751;1360,66855660227;"FB9"
1;5;-0,232602282067252;-0,375896521679679;-0,894590877173709;1375,03489320344;"FB10"
1;5;-0,0106979782173781;0,846094275267751;0,528432235101807;3548,94713825617;"FB11"
1;5;0,621756874966873;-0,321100193899964;-0,708920402519927;3849,97465249756;"FB12"
1;5;-0,848445858882265;-0,31234045160239;-0,424468715900022;2258,83349109984;"FB13"
1;5;0,1226799731494;0,89735248076822;0,415812302185094;4065,16242783487;"FB14"
1;5;-0,106087282880466;-0,759766962601738;-0,638893585776901;2503,68332952541;"FB15"
1;5;0,451842690175166;0,688101373235144;0,564112694348578;2668,67134697726;"FB16"
1;5;-0,487275501241053;0,383351733742424;0,766189617410188;5865,65879325686;"FB17"
1;5;0,607680924410553;-0,547541413552574;0,570701416900739;5757,06607774664;"FB18"
1;5;-0,648045540648724;0,0046140105947087;-0,756550495090218;3286,68952284207;"FB19"
1;5;0;0;-1;4276,81176498611;"FB20"
1;5;0,551654548685857;-0,173441554450434;0,805800763866556;4953,51475721513;"FB21"
1;5;-0,662201924374828;-0,491778259022554;-0,558753700458736;2068,07080333123;"FB22"
1;5;-0,219149062438163;-0,674917214644476;-0,700804462661553;2200,44883646468;"FB23"
1;5;0,214170069442899;-0,341146819820084;-0,912820251927522;2916,58821603341;"FB24"
1;5;0,389553022717449;-0,344554119805978;-0,852494831018015;3564,92003103232;"FB25"
1;5;-0,664491418187429;0,28141584666362;-0,685587669334305;4786,47812403313;"FB26"
1;5;-0,844948866270397;0,271475638503809;0,44186761807166;5998,76173689321;"FB27"
1;5;0,943664267575703;0,120997943843597;0,28603807061397;3592,47042574443;"FB28"
1;5;0,878015237632425;0,170507354003377;0,442928014160457;3278,75348586493;"FB29"
1;5;0,829667267020096;-0,275323838590017;-0,470443595014771;4056,69252851433;"FB30"
1;5;-0,774029282171199;-0,313700705595604;-0,548541034747888;2124,54581403405;"FB31"
1;5;0;1;0;6384,91698740407;"FB32"
1;5;-0,533115046238266;-0,59199774893678;-0,601716297718264;2019,88035136385;"FB33"
1;5;-0,329593653177808;-0,878569668688815;-0,333879117403696;3330,40248719294;"FB34"
1;5;-0,0244501726520984;-0,90860610006178;-0,400682146376967;3611,77459153895;"FB35"
1;5;-0,303644911188705;0,0782921794708315;-0,946860369950077;4302,75518867631;"FB36"
1;6;0;-1;0;4400;"FB1"
1;6;-0,494018763678054;-0,664897355241773;-0,556472263654807;1806,49550125172;"FB2"
1;6;0,290683386075585;0,800771796404202;0,521659439936327;2938,57259166787;"FB3"
1;6;-0,013694126564246;-0,371794916774119;-0,926629459188287;1934,97209899397;"FB4"
1;6;0,7461345849761;0,343819480397667;0,566807346302538;2362,16246910803;"FB5"
1;6;-0,620936386493876;-0,316078144733548;-0,711919697469704;1595,80679149833;"FB6"
1;6;-1;0;0;4500;"FB7"
1;6;0;0;1;4001;"FB8"
1;6;-0,440361658437872;-0,372243524745429;-0,812481310506751;1243,45145074674;"FB9"
1;6;-0,232602282067252;-0,375896521679679;-0,894590877173709;1281,3755549596;"FB10"
1;6;-0,0106979782173781;0,846094275267751;0,528432235101807;3237,09908303037;"FB11"
1;6;0,621756874966873;-0,321100193899964;-0,708920402519927;4106,56850534964;"FB12"
1;6;-0,848445858882265;-0,31234045160239;-0,424468715900022;2413,16411331883;"FB13"
1;6;0,1226799731494;0,89735248076822;0,415812302185094;3953,48250263097;"FB14"
1;6;-0,106087282880466;-0,759766962601738;-0,638893585776901;2233,31529492041;"FB15"
1;6;0,451842690175166;0,688101373235144;0,564112694348578;2540,58259206093;"FB16"
1;6;-0,487275501241053;0,383351733742424;0,766189617410188;5632,41770429264;"FB17"
1;6;0,607680924410553;-0,547541413552574;0,570701416900739;5738,10199625442;"FB18"
1;6;-0,648045540648724;0,0046140105947087;-0,756550495090218;3157,64742613257;"FB19"
1;6;0;0;-1;4066,25133901005;"FB20"
1;6;0,551654548685857;-0,173441554450434;0,805800763866556;4997,21916023948;"FB21"
1;6;-0,662201924374828;-0,491778259022554;-0,558753700458736;1887,03189703088;"FB22"
1;6;-0,219149062438163;-0,674917214644476;-0,700804462661553;1885,75343093116;"FB23"
1;6;0,214170069442899;-0,341146819820084;-0,912820251927522;2965,54940700809;"FB24"
1;6;0,389553022717449;-0,344554119805978;-0,852494831018015;3586,74545407261;"FB25"
1;6;-0,664491418187429;0,28141584666362;-0,685587669334305;4612,45060782515;"FB26"
1;6;-0,844948866270397;0,271475638503809;0,44186761807166;5835,14387572796;"FB27"
1;6;0,943664267575703;0,120997943843597;0,28603807061397;3801,74886335627;"FB28"
1;6;0,878015237632425;0,170507354003377;0,442928014160457;3454,26222143151;"FB29"
1;6;0,829667267020096;-0,275323838590017;-0,470443595014771;4343,57976539942;"FB30"
1;6;-0,774029282171199;-0,313700705595604;-0,548541034747888;1950,36085959485;"FB31"
1;6;0;1;0;6264,91627692356;"FB32"
1;6;-0,533115046238266;-0,59199774893678;-0,601716297718264;1771,38776424146;"FB33"
1;6;-0,329593653177808;-0,878569668688815;-0,333879117403696;3265,84613905863;"FB34"
1;6;-0,0244501726520984;-0,90860610006178;-0,400682146376967;3481,64235573882;"FB35"
1;6;-0,303644911188705;0,0782921794708315;-0,946860369950077;4294,745985658;"FB36"
1;7;0;-1;0;4400;"FB1"
1;7;-0,494018763678054;-0,664897355241773;-0,556472263654807;1479,02446459913;"FB2"
1;7;0,290683386075585;0,800771796404202;0,521659439936327;2931,96424201133;"FB3"
1;7;-0,013694126564246;-0,371794916774119;-0,926629459188287;1644,81220503341;"FB4"
1;7;0,7461345849761;0,343819480397667;0,566807346302538;2374,59484578931;"FB5"
1;7;-0,620936386493876;-0,316078144733548;-0,711919697469704;1706,74415630383;"FB6"
1;7;-1;0;0;4500;"FB7"
1;7;0;0;1;4284;"FB8"
1;7;-0,440361658437872;-0,372243524745429;-0,812481310506751;1301,72046935045;"FB9"
1;7;-0,232602282067252;-0,375896521679679;-0,894590877173709;1339,49862656718;"FB10"
1;7;-0,0106979782173781;0,846094275267751;0,528432235101807;2851,79568758418;"FB11"
1;7;0,621756874966873;-0,321100193899964;-0,708920402519927;4132,27495680376;"FB12"
1;7;-0,848445858882265;-0,31234045160239;-0,424468715900022;2603,84413752839;"FB13"
1;7;0,1226799731494;0,89735248076822;0,415812302185094;3660,4640539624;"FB14"
1;7;-0,106087282880466;-0,759766962601738;-0,638893585776901;1533,01379681032;"FB15"
1;7;0,451842690175166;0,688101373235144;0,564112694348578;2485,17991541656;"FB16"
1;7;-0,487275501241053;0,383351733742424;0,766189617410188;5327,43389734193;"FB17"
1;7;0,607680924410553;-0,547541413552574;0,570701416900739;4773,66392665173;"FB18"
1;7;-0,648045540648724;0,0046140105947087;-0,756550495090218;2339,53947627494;"FB19"
1;7;0;0;-1;3716;"FB20"
1;7;0,551654548685857;-0,173441554450434;0,805800763866556;4341,05652973505;"FB21"
1;7;-0,662201924374828;-0,491778259022554;-0,558753700458736;1886,44356524666;"FB22"
1;7;-0,219149062438163;-0,674917214644476;-0,700804462661553;1387,39069977015;"FB23"
1;7;0,214170069442899;-0,341146819820084;-0,912820251927522;2657,50232804433;"FB24"
1;7;0,389553022717449;-0,344554119805978;-0,852494831018015;3342,57588670011;"FB25"
1;7;-0,664491418187429;0,28141584666362;-0,685587669334305;3639,88262966564;"FB26"
1;7;-0,844948866270397;0,271475638503809;0,44186761807166;5590,66183418136;"FB27"
1;7;0,943664267575703;0,120997943843597;0,28603807061397;3870,54807050683;"FB28"
1;7;0,878015237632425;0,170507354003377;0,442928014160457;3354,17976978767;"FB29"
1;7;0,829667267020096;-0,275323838590017;-0,470443595014771;4634,90730385822;"FB30"
1;7;-0,774029282171199;-0,313700705595604;-0,548541034747888;2255,38852340119;"FB31"
1;7;0;1;0;5694,95985154477;"FB32"
1;7;-0,533115046238266;-0,59199774893678;-0,601716297718264;1485,82014126621;"FB33"
1;7;-0,329593653177808;-0,878569668688815;-0,333879117403696;3008,54037801156;"FB34"
1;7;-0,0244501726520984;-0,90860610006178;-0,400682146376967;2884,12319349419;"FB35"
1;7;-0,303644911188705;0,0782921794708315;-0,946860369950077;3728,68501518756;"FB36"
1;8;0;-1;0;4400;"FB1"
1;8;-0,494018763678054;-0,664897355241773;-0,556472263654807;1385,01746977504;"FB2"
1;8;0,290683386075585;0,800771796404202;0,521659439936327;2412,57245507582;"FB3"
1;8;-0,013694126564246;-0,371794916774119;-0,926629459188287;1365,72299712187;"FB4"
1;8;0,7461345849761;0,343819480397667;0,566807346302538;2678,93009985841;"FB5"
1;8;-0,620936386493876;-0,316078144733548;-0,711919697469704;1282,0551267654;"FB6"
1;8;-1;0;0;4500;"FB7"
1;8;0;0;1;4608;"FB8"
1;8;-0,440361658437872;-0,372243524745429;-0,812481310506751;1355,60129862813;"FB9"
1;8;-0,232602282067252;-0,375896521679679;-0,894590877173709;1400,89811114546;"FB10"
1;8;-0,0106979782173781;0,846094275267751;0,528432235101807;3098,49938785997;"FB11"
1;8;0,621756874966873;-0,321100193899964;-0,708920402519927;4000,42853796688;"FB12"
1;8;-0,848445858882265;-0,31234045160239;-0,424468715900022;2193,09223270255;"FB13"
1;8;0,1226799731494;0,89735248076822;0,415812302185094;3044,78401509961;"FB14"
1;8;-0,106087282880466;-0,759766962601738;-0,638893585776901;2153,76755384334;"FB15"
1;8;0,451842690175166;0,688101373235144;0,564112694348578;2595,32106160294;"FB16"
1;8;-0,487275501241053;0,383351733742424;0,766189617410188;5316,04165730412;"FB17"
1;8;0,607680924410553;-0,547541413552574;0,570701416900739;5222,69033269508;"FB18"
1;8;-0,648045540648724;0,0046140105947087;-0,756550495090218;2696,48179226495;"FB19"
1;8;0;0;-1;3219,34145766059;"FB20"
1;8;0,551654548685857;-0,173441554450434;0,805800763866556;4443,21709653484;"FB21"
1;8;-0,662201924374828;-0,491778259022554;-0,558753700458736;1408,43629617607;"FB22"
1;8;-0,219149062438163;-0,674917214644476;-0,700804462661553;1322,27286575526;"FB23"
1;8;0,214170069442899;-0,341146819820084;-0,912820251927522;2371,22692007643;"FB24"
1;8;0,389553022717449;-0,344554119805978;-0,852494831018015;3113,14710191815;"FB25"
1;8;-0,664491418187429;0,28141584666362;-0,685587669334305;3838,96652873779;"FB26"
1;8;-0,844948866270397;0,271475638503809;0,44186761807166;5549,96106238691;"FB27"
1;8;0,943664267575703;0,120997943843597;0,28603807061397;4237,99289776566;"FB28"
1;8;0,878015237632425;0,170507354003377;0,442928014160457;3848,79685642492;"FB29"
1;8;0,829667267020096;-0,275323838590017;-0,470443595014771;4632,46952687371;"FB30"
1;8;-0,774029282171199;-0,313700705595604;-0,548541034747888;1584,90952720479;"FB31"
1;8;0;1;0;4892,94135095845;"FB32"
1;8;-0,533115046238266;-0,59199774893678;-0,601716297718264;1291,6543192118;"FB33"
1;8;-0,329593653177808;-0,878569668688815;-0,333879117403696;3010,16727482991;"FB34"
1;8;-0,0244501726520984;-0,90860610006178;-0,400682146376967;3428,86165983669;"FB35"
1;8;-0,303644911188705;0,0782921794708315;-0,946860369950077;3472,92084455812;"FB36"
1;9;0;-1;0;4400;"FB1"
1;9;-0,494018763678054;-0,664897355241773;-0,556472263654807;1397,30805585935;"FB2"
1;9;0,290683386075585;0,800771796404202;0,521659439936327;2384,55820054664;"FB3"
1;9;-0,013694126564246;-0,371794916774119;-0,926629459188287;1407,24868628287;"FB4"
1;9;0,7461345849761;0,343819480397667;0,566807346302538;2479,25269804822;"FB5"
1;9;-0,620936386493876;-0,316078144733548;-0,711919697469704;1509,58240187851;"FB6"
1;9;-1;0;0;4492,15193556989;"FB7"
1;9;0;0;1;4001;"FB8"
1;9;-0,440361658437872;-0,372243524745429;-0,812481310506751;1321,53546367366;"FB9"
1;9;-0,232602282067252;-0,375896521679679;-0,894590877173709;1359,71244606714;"FB10"
1;9;-0,0106979782173781;0,846094275267751;0,528432235101807;2875,05586098001;"FB11"
1;9;0,621756874966873;-0,321100193899964;-0,708920402519927;4323,90408662917;"FB12"
1;9;-0,848445858882265;-0,31234045160239;-0,424468715900022;2341,29376775607;"FB13"
1;9;0,1226799731494;0,89735248076822;0,415812302185094;3198,08166050375;"FB14"
1;9;-0,106087282880466;-0,759766962601738;-0,638893585776901;2842,62668781025;"FB15"
1;9;0,451842690175166;0,688101373235144;0,564112694348578;2495,72383406546;"FB16"
1;9;-0,487275501241053;0,383351733742424;0,766189617410188;4823,00116395768;"FB17"
1;9;0,607680924410553;-0,547541413552574;0,570701416900739;5750,58567239605;"FB18"
1;9;-0,648045540648724;0,0046140105947087;-0,756550495090218;2801,1133486196;"FB19"
1;9;0;0;-1;3365,62775913115;"FB20"
1;9;0,551654548685857;-0,173441554450434;0,805800763866556;4255,79633049161;"FB21"
1;9;-0,662201924374828;-0,491778259022554;-0,558753700458736;1480,13158343744;"FB22"
1;9;-0,219149062438163;-0,674917214644476;-0,700804462661553;2116,3383835166;"FB23"
1;9;0,214170069442899;-0,341146819820084;-0,912820251927522;2447,51073560106;"FB24"
1;9;0,389553022717449;-0,344554119805978;-0,852494831018015;3301,46953214975;"FB25"
1;9;-0,664491418187429;0,28141584666362;-0,685587669334305;4002,70588384189;"FB26"
1;9;-0,844948866270397;0,271475638503809;0,44186761807166;5208,94541361824;"FB27"
1;9;0,943664267575703;0,120997943843597;0,28603807061397;4241,50046568202;"FB28"
1;9;0,878015237632425;0,170507354003377;0,442928014160457;3762,30538600355;"FB29"
1;9;0,829667267020096;-0,275323838590017;-0,470443595014771;5118,67680822184;"FB30"
1;9;-0,774029282171199;-0,313700705595604;-0,548541034747888;1986,31436741672;"FB31"
1;9;0;1;0;5140,03404445753;"FB32"
1;9;-0,533115046238266;-0,59199774893678;-0,601716297718264;1317,1397663468;"FB33"
1;9;-0,329593653177808;-0,878569668688815;-0,333879117403696;2995,6765751139;"FB34"
1;9;-0,0244501726520984;-0,90860610006178;-0,400682146376967;3807,73213241673;"FB35"
1;9;-0,303644911188705;0,0782921794708315;-0,946860369950077;3657,11406437008;"FB36"
1;10;0;-1;0;4400;"FB1"
1;10;-0,494018763678054;-0,664897355241773;-0,556472263654807;1388,30538164358;"FB2"
1;10;0,290683386075585;0,800771796404202;0,521659439936327;2247,49733532465;"FB3"
1;10;-0,013694126564246;-0,371794916774119;-0,926629459188287;1416,32603362136;"FB4"
1;10;0,7461345849761;0,343819480397667;0,566807346302538;2530,334560023;"FB5"
1;10;-0,620936386493876;-0,316078144733548;-0,711919697469704;1336,96215308998;"FB6"
1;10;-1;0;0;4454,82067013528;"FB7"
1;10;0;0;1;4001;"FB8"
1;10;-0,440361658437872;-0,372243524745429;-0,812481310506751;1384,93915518751;"FB9"
1;10;-0,232602282067252;-0,375896521679679;-0,894590877173709;1434,3701253682;"FB10"
1;10;-0,0106979782173781;0,846094275267751;0,528432235101807;2743,97123359998;"FB11"
1;10;0,621756874966873;-0,321100193899964;-0,708920402519927;3304,73730286598;"FB12"
1;10;-0,848445858882265;-0,31234045160239;-0,424468715900022;2321,60069584643;"FB13"
1;10;0,1226799731494;0,89735248076822;0,415812302185094;2960,20364727174;"FB14"
1;10;-0,106087282880466;-0,759766962601738;-0,638893585776901;2656,58988903939;"FB15"
1;10;0,451842690175166;0,688101373235144;0,564112694348578;2428,22677855352;"FB16"
1;10;-0,487275501241053;0,383351733742424;0,766189617410188;4801,24387419009;"FB17"
1;10;0,607680924410553;-0,547541413552574;0,570701416900739;6029,20835712688;"FB18"
1;10;-0,648045540648724;0,0046140105947087;-0,756550495090218;2702,74108981867;"FB19"
1;10;0;0;-1;3165,51426165522;"FB20"
1;10;0,551654548685857;-0,173441554450434;0,805800763866556;4912,35484183157;"FB21"
1;10;-0,662201924374828;-0,491778259022554;-0,558753700458736;1449,87509067645;"FB22"
1;10;-0,219149062438163;-0,674917214644476;-0,700804462661553;1908,93150694366;"FB23"
1;10;0,214170069442899;-0,341146819820084;-0,912820251927522;1683,34376146263;"FB24"
1;10;0,389553022717449;-0,344554119805978;-0,852494831018015;2190,71893635032;"FB25"
1;10;-0,664491418187429;0,28141584666362;-0,685587669334305;3824,29303944865;"FB26"
1;10;-0,844948866270397;0,271475638503809;0,44186761807166;5178,51875445815;"FB27"
1;10;0,943664267575703;0,120997943843597;0,28603807061397;4042,32859192215;"FB28"
1;10;0,878015237632425;0,170507354003377;0,442928014160457;3727,3254212991;"FB29"
1;10;0,829667267020096;-0,275323838590017;-0,470443595014771;4516,53845355401;"FB30"
1;10;-0,774029282171199;-0,313700705595604;-0,548541034747888;1908,85641771336;"FB31"
1;10;0;1;0;4817,11540709479;"FB32"
1;10;-0,533115046238266;-0,59199774893678;-0,601716297718264;1367,56960764986;"FB33"
1;10;-0,329593653177808;-0,878569668688815;-0,333879117403696;2982,60034222644;"FB34"
1;10;-0,0244501726520984;-0,90860610006178;-0,400682146376967;3693,42768542348;"FB35"
1;10;-0,303644911188705;0,0782921794708315;-0,946860369950077;3507,09122884207;"FB36"
1;11;0;-1;0;4400;"FB1"
1;11;-0,494018763678054;-0,664897355241773;-0,556472263654807;1386,8545787674;"FB2"
1;11;0,290683386075585;0,800771796404202;0,521659439936327;2126,31320925849;"FB3"
1;11;-0,013694126564246;-0,371794916774119;-0,926629459188287;1401,60581947345;"FB4"
1;11;0,7461345849761;0,343819480397667;0,566807346302538;2845,1505075476;"FB5"
1;11;-0,620936386493876;-0,316078144733548;-0,711919697469704;1282,91736534971;"FB6"
1;11;-1;0;0;4443,98803284892;"FB7"
1;11;0;0;1;4001;"FB8"
1;11;-0,440361658437872;-0,372243524745429;-0,812481310506751;1387,97283169113;"FB9"
1;11;-0,232602282067252;-0,375896521679679;-0,894590877173709;1430,88334172436;"FB10"
1;11;-0,0106979782173781;0,846094275267751;0,528432235101807;2346,13263151078;"FB11"
1;11;0,621756874966873;-0,321100193899964;-0,708920402519927;3158,78144993012;"FB12"
1;11;-0,848445858882265;-0,31234045160239;-0,424468715900022;2213,45187587088;"FB13"
1;11;0,1226799731494;0,89735248076822;0,415812302185094;2627,33274342422;"FB14"
1;11;-0,106087282880466;-0,759766962601738;-0,638893585776901;2662,46384273317;"FB15"
1;11;0,451842690175166;0,688101373235144;0,564112694348578;2449,73936526121;"FB16"
1;11;-0,487275501241053;0,383351733742424;0,766189617410188;4993,29714091878;"FB17"
1;11;0,607680924410553;-0,547541413552574;0,570701416900739;6354,56960541738;"FB18"
1;11;-0,648045540648724;0,0046140105947087;-0,756550495090218;2544,68533273105;"FB19"
1;11;0;0;-1;3010,60722112134;"FB20"
1;11;0,551654548685857;-0,173441554450434;0,805800763866556;5495,93023490211;"FB21"
1;11;-0,662201924374828;-0,491778259022554;-0,558753700458736;1412,71793443504;"FB22"
1;11;-0,219149062438163;-0,674917214644476;-0,700804462661553;1961,90192804713;"FB23"
1;11;0,214170069442899;-0,341146819820084;-0,912820251927522;1458,51279284403;"FB24"
1;11;0,389553022717449;-0,344554119805978;-0,852494831018015;1958,13404132466;"FB25"
1;11;-0,664491418187429;0,28141584666362;-0,685587669334305;3548,31016975935;"FB26"
1;11;-0,844948866270397;0,271475638503809;0,44186761807166;5333,51978409085;"FB27"
1;11;0,943664267575703;0,120997943843597;0,28603807061397;4291,57491403892;"FB28"
1;11;0,878015237632425;0,170507354003377;0,442928014160457;4020,33875353496;"FB29"
1;11;0,829667267020096;-0,275323838590017;-0,470443595014771;4424,78788798058;"FB30"
1;11;-0,774029282171199;-0,313700705595604;-0,548541034747888;1749,96594977445;"FB31"
1;11;0;1;0;4374,82397109287;"FB32"
1;11;-0,533115046238266;-0,59199774893678;-0,601716297718264;1354,24769245837;"FB33"
1;11;-0,329593653177808;-0,878569668688815;-0,333879117403696;2980,22913250152;"FB34"
1;11;-0,0244501726520984;-0,90860610006178;-0,400682146376967;3678,06160175271;"FB35"
1;11;-0,303644911188705;0,0782921794708315;-0,946860369950077;3308,4264472282;"FB36"
1;12;0;-1;0;4400;"FB1"
1;12;-0,494018763678054;-0,664897355241773;-0,556472263654807;1378,2021697061;"FB2"
1;12;0,290683386075585;0,800771796404202;0,521659439936327;2061,74973878567;"FB3"
1;12;-0,013694126564246;-0,371794916774119;-0,926629459188287;1432,07411393961;"FB4"
1;12;0,7461345849761;0,343819480397667;0,566807346302538;2705,19891945826;"FB5"
1;12;-0,620936386493876;-0,316078144733548;-0,711919697469704;1309,61762245371;"FB6"
1;12;-1;0;0;4374,52444017341;"FB7"
1;12;0;0;1;4001;"FB8"
1;12;-0,440361658437872;-0,372243524745429;-0,812481310506751;1412,34170626134;"FB9"
1;12;-0,232602282067252;-0,375896521679679;-0,894590877173709;1460,35535440823;"FB10"
1;12;-0,0106979782173781;0,846094275267751;0,528432235101807;2429,29637282917;"FB11"
1;12;0,621756874966873;-0,321100193899964;-0,708920402519927;3300,18801312767;"FB12"
1;12;-0,848445858882265;-0,31234045160239;-0,424468715900022;2277,45889117863;"FB13"
1;12;0,1226799731494;0,89735248076822;0,415812302185094;2598,35621671065;"FB14"
1;12;-0,106087282880466;-0,759766962601738;-0,638893585776901;2649,46411743634;"FB15"
1;12;0,451842690175166;0,688101373235144;0,564112694348578;2346,91014943437;"FB16"
1;12;-0,487275501241053;0,383351733742424;0,766189617410188;4760,89326405412;"FB17"
1;12;0,607680924410553;-0,547541413552574;0,570701416900739;6262,92728123414;"FB18"
1;12;-0,648045540648724;0,0046140105947087;-0,756550495090218;2528,09417524086;"FB19"
1;12;0;0;-1;3010,25130798248;"FB20"
1;12;0,551654548685857;-0,173441554450434;0,805800763866556;5412,73706072626;"FB21"
1;12;-0,662201924374828;-0,491778259022554;-0,558753700458736;1440,70226576329;"FB22"
1;12;-0,219149062438163;-0,674917214644476;-0,700804462661553;1923,76187088177;"FB23"
1;12;0,214170069442899;-0,341146819820084;-0,912820251927522;1567,78257304492;"FB24"
1;12;0,389553022717449;-0,344554119805978;-0,852494831018015;2135,92540958282;"FB25"
1;12;-0,664491418187429;0,28141584666362;-0,685587669334305;3521,5969057214;"FB26"
1;12;-0,844948866270397;0,271475638503809;0,44186761807166;5119,03196892663;"FB27"
1;12;0,943664267575703;0,120997943843597;0,28603807061397;4208,68145843211;"FB28"
1;12;0,878015237632425;0,170507354003377;0,442928014160457;3904,59453418006;"FB29"
1;12;0,829667267020096;-0,275323838590017;-0,470443595014771;4608,3782320021;"FB30"
1;12;-0,774029282171199;-0,313700705595604;-0,548541034747888;1871,26214851371;"FB31"
1;12;0;1;0;4338,67198889739;"FB32"
1;12;-0,533115046238266;-0,59199774893678;-0,601716297718264;1370,41082902356;"FB33"
1;12;-0,329593653177808;-0,878569668688815;-0,333879117403696;2982,92973374382;"FB34"
1;12;-0,0244501726520984;-0,90860610006178;-0,400682146376967;3678,68640618245;"FB35"
1;12;-0,303644911188705;0,0782921794708315;-0,946860369950077;3297,05024184479;"FB36"
1;13;0;-1;0;4400;"FB1"
1;13;-0,494018763678054;-0,664897355241773;-0,556472263654807;1387,04519762215;"FB2"
1;13;0,290683386075585;0,800771796404202;0,521659439936327;2105,15715173476;"FB3"
1;13;-0,013694126564246;-0,371794916774119;-0,926629459188287;1392,9470439501;"FB4"
1;13;0,7461345849761;0,343819480397667;0,566807346302538;2804,54655199055;"FB5"
1;13;-0,620936386493876;-0,316078144733548;-0,711919697469704;1274,99966781966;"FB6"
1;13;-1;0;0;4481,60606115423;"FB7"
1;13;0;0;1;4001;"FB8"
1;13;-0,440361658437872;-0,372243524745429;-0,812481310506751;1385,02036556015;"FB9"
1;13;-0,232602282067252;-0,375896521679679;-0,894590877173709;1422,92804103107;"FB10"
1;13;-0,0106979782173781;0,846094275267751;0,528432235101807;2426,97822844842;"FB11"
1;13;0,621756874966873;-0,321100193899964;-0,708920402519927;3057,21708299113;"FB12"
1;13;-0,848445858882265;-0,31234045160239;-0,424468715900022;2242,13655248766;"FB13"
1;13;0,1226799731494;0,89735248076822;0,415812302185094;2630,89651860315;"FB14"
1;13;-0,106087282880466;-0,759766962601738;-0,638893585776901;2620,19443046298;"FB15"
1;13;0,451842690175166;0,688101373235144;0,564112694348578;2421,64443140666;"FB16"
1;13;-0,487275501241053;0,383351733742424;0,766189617410188;5007,46649892956;"FB17"
1;13;0,607680924410553;-0,547541413552574;0,570701416900739;6361,79649058211;"FB18"
1;13;-0,648045540648724;0,0046140105947087;-0,756550495090218;2540,32600036278;"FB19"
1;13;0;0;-1;3026,68308475534;"FB20"
1;13;0,551654548685857;-0,173441554450434;0,805800763866556;5502,49082272675;"FB21"
1;13;-0,662201924374828;-0,491778259022554;-0,558753700458736;1412,70917671171;"FB22"
1;13;-0,219149062438163;-0,674917214644476;-0,700804462661553;1925,56142772494;"FB23"
1;13;0,214170069442899;-0,341146819820084;-0,912820251927522;1385,68017304364;"FB24"
1;13;0,389553022717449;-0,344554119805978;-0,852494831018015;1871,08786034674;"FB25"
1;13;-0,664491418187429;0,28141584666362;-0,685587669334305;3544,67838798838;"FB26"
1;13;-0,844948866270397;0,271475638503809;0,44186761807166;5359,70046853287;"FB27"
1;13;0,943664267575703;0,120997943843597;0,28603807061397;4215,51940338173;"FB28"
1;13;0,878015237632425;0,170507354003377;0,442928014160457;3959,71084350979;"FB29"
1;13;0,829667267020096;-0,275323838590017;-0,470443595014771;4328,3137291166;"FB30"
1;13;-0,774029282171199;-0,313700705595604;-0,548541034747888;1781,60228680348;"FB31"
1;13;0;1;0;4382,67279093677;"FB32"
1;13;-0,533115046238266;-0,59199774893678;-0,601716297718264;1352,87124544373;"FB33"
1;13;-0,329593653177808;-0,878569668688815;-0,333879117403696;2980,46331378323;"FB34"
1;13;-0,0244501726520984;-0,90860610006178;-0,400682146376967;3647,44776008041;"FB35"
1;13;-0,303644911188705;0,0782921794708315;-0,946860369950077;3316,3294649545;"FB36"
1;14;0;-1;0;4400;"FB1"
1;14;-0,494018763678054;-0,664897355241773;-0,556472263654807;1391,43648679235;"FB2"
1;14;0,290683386075585;0,800771796404202;0,521659439936327;2181,93653150878;"FB3"
1;14;-0,013694126564246;-0,371794916774119;-0,926629459188287;1394,65186608063;"FB4"
1;14;0,7461345849761;0,343819480397667;0,566807346302538;2763,62521085129;"FB5"
1;14;-0,620936386493876;-0,316078144733548;-0,711919697469704;1280,25839666573;"FB6"
1;14;-1;0;0;4381,3239331136;"FB7"
1;14;0;0;1;4001;"FB8"
1;14;-0,440361658437872;-0,372243524745429;-0,812481310506751;1383,44074129615;"FB9"
1;14;-0,232602282067252;-0,375896521679679;-0,894590877173709;1423,71676203362;"FB10"
1;14;-0,0106979782173781;0,846094275267751;0,528432235101807;2375,41455767192;"FB11"
1;14;0,621756874966873;-0,321100193899964;-0,708920402519927;3053,55270830229;"FB12"
1;14;-0,848445858882265;-0,31234045160239;-0,424468715900022;2264,86386984191;"FB13"
1;14;0,1226799731494;0,89735248076822;0,415812302185094;2706,13337985906;"FB14"
1;14;-0,106087282880466;-0,759766962601738;-0,638893585776901;2607,35813153557;"FB15"
1;14;0,451842690175166;0,688101373235144;0,564112694348578;2463,10207175008;"FB16"
1;14;-0,487275501241053;0,383351733742424;0,766189617410188;4798,89102177912;"FB17"
1;14;0,607680924410553;-0,547541413552574;0,570701416900739;6315,03456509941;"FB18"
1;14;-0,648045540648724;0,0046140105947087;-0,756550495090218;2587,80405527373;"FB19"
1;14;0;0;-1;3066,70965429626;"FB20"
1;14;0,551654548685857;-0,173441554450434;0,805800763866556;5460,04020783725;"FB21"
1;14;-0,662201924374828;-0,491778259022554;-0,558753700458736;1408,94911437077;"FB22"
1;14;-0,219149062438163;-0,674917214644476;-0,700804462661553;1909,29314788993;"FB23"
1;14;0,214170069442899;-0,341146819820084;-0,912820251927522;1383,88788259936;"FB24"
1;14;0,389553022717449;-0,344554119805978;-0,852494831018015;1879,31291862684;"FB25"
1;14;-0,664491418187429;0,28141584666362;-0,685587669334305;3619,05548196861;"FB26"
1;14;-0,844948866270397;0,271475638503809;0,44186761807166;5152,90985536947;"FB27"
1;14;0,943664267575703;0,120997943843597;0,28603807061397;4174,86513950158;"FB28"
1;14;0,878015237632425;0,170507354003377;0,442928014160457;3917,32973167033;"FB29"
1;14;0,829667267020096;-0,275323838590017;-0,470443595014771;4290,76413693412;"FB30"
1;14;-0,774029282171199;-0,313700705595604;-0,548541034747888;1844,87009683505;"FB31"
1;14;0;1;0;4488,58786376176;"FB32"
1;14;-0,533115046238266;-0,59199774893678;-0,601716297718264;1361,4187252539;"FB33"
1;14;-0,329593653177808;-0,878569668688815;-0,333879117403696;2991,75925042714;"FB34"
1;14;-0,0244501726520984;-0,90860610006178;-0,400682146376967;3640,29336198723;"FB35"
1;14;-0,303644911188705;0,0782921794708315;-0,946860369950077;3370,34947943865;"FB36"
1;15;0;-1;0;4400;"FB1"
1;15;-0,494018763678054;-0,664897355241773;-0,556472263654807;1391,90155294263;"FB2"
1;15;0,290683386075585;0,800771796404202;0,521659439936327;2252,2354369916;"FB3"
1;15;-0,013694126564246;-0,371794916774119;-0,926629459188287;1408,17498664142;"FB4"
1;15;0,7461345849761;0,343819480397667;0,566807346302538;2687,54378043073;"FB5"
1;15;-0,620936386493876;-0,316078144733548;-0,711919697469704;1292,64318398629;"FB6"
1;15;-1;0;0;4484,89839432413;"FB7"
1;15;0;0;1;4001;"FB8"
1;15;-0,440361658437872;-0,372243524745429;-0,812481310506751;1394,61922221967;"FB9"
1;15;-0,232602282067252;-0,375896521679679;-0,894590877173709;1438,32734605085;"FB10"
1;15;-0,0106979782173781;0,846094275267751;0,528432235101807;2394,33830832193;"FB11"
1;15;0,621756874966873;-0,321100193899964;-0,708920402519927;3050,91306084056;"FB12"
1;15;-0,848445858882265;-0,31234045160239;-0,424468715900022;2291,21013652441;"FB13"
1;15;0,1226799731494;0,89735248076822;0,415812302185094;2788,74658685761;"FB14"
1;15;-0,106087282880466;-0,759766962601738;-0,638893585776901;2608,78346010679;"FB15"
1;15;0,451842690175166;0,688101373235144;0,564112694348578;2488,29350707088;"FB16"
1;15;-0,487275501241053;0,383351733742424;0,766189617410188;4957,90011959635;"FB17"
1;15;0,607680924410553;-0,547541413552574;0,570701416900739;6240,45375941732;"FB18"
1;15;-0,648045540648724;0,0046140105947087;-0,756550495090218;2633,04860097568;"FB19"
1;15;0;0;-1;3100,67746584486;"FB20"
1;15;0,551654548685857;-0,173441554450434;0,805800763866556;5392,33553084893;"FB21"
1;15;-0,662201924374828;-0,491778259022554;-0,558753700458736;1408,86577468929;"FB22"
1;15;-0,219149062438163;-0,674917214644476;-0,700804462661553;1910,53066649498;"FB23"
1;15;0,214170069442899;-0,341146819820084;-0,912820251927522;1414,53558303043;"FB24"
1;15;0,389553022717449;-0,344554119805978;-0,852494831018015;1898,66228886589;"FB25"
1;15;-0,664491418187429;0,28141584666362;-0,685587669334305;3693,23401407057;"FB26"
1;15;-0,844948866270397;0,271475638503809;0,44186761807166;5311,37785410337;"FB27"
1;15;0,943664267575703;0,120997943843597;0,28603807061397;4100,80231651734;"FB28"
1;15;0,878015237632425;0,170507354003377;0,442928014160457;3839,32587026252;"FB29"
1;15;0,829667267020096;-0,275323838590017;-0,470443595014771;4236,14862928019;"FB30"
1;15;-0,774029282171199;-0,313700705595604;-0,548541034747888;1800,20403741475;"FB31"
1;15;0;1;0;4600,64772702919;"FB32"
1;15;-0,533115046238266;-0,59199774893678;-0,601716297718264;1368,73003880366;"FB33"
1;15;-0,329593653177808;-0,878569668688815;-0,333879117403696;2992,06952781478;"FB34"
1;15;-0,0244501726520984;-0,90860610006178;-0,400682146376967;3641,3207039136;"FB35"
1;15;-0,303644911188705;0,0782921794708315;-0,946860369950077;3420,73993247203;"FB36"
1;16;0;-1;0;4400;"FB1"
1;16;-0,494018763678054;-0,664897355241773;-0,556472263654807;1380,41837040104;"FB2"
1;16;0,290683386075585;0,800771796404202;0,521659439936327;2303,81761471713;"FB3"
1;16;-0,013694126564246;-0,371794916774119;-0,926629459188287;1407,12665772541;"FB4"
1;16;0,7461345849761;0,343819480397667;0,566807346302538;2844,8341309852;"FB5"
1;16;-0,620936386493876;-0,316078144733548;-0,711919697469704;1283,27372688253;"FB6"
1;16;-1;0;0;4419,89321242435;"FB7"
1;16;0;0;1;4001;"FB8"
1;16;-0,440361658437872;-0,372243524745429;-0,812481310506751;1394,2533410793;"FB9"
1;16;-0,232602282067252;-0,375896521679679;-0,894590877173709;1435,63465908904;"FB10"
1;16;-0,0106979782173781;0,846094275267751;0,528432235101807;2455,72096007411;"FB11"
1;16;0,621756874966873;-0,321100193899964;-0,708920402519927;3078,94881709494;"FB12"
1;16;-0,848445858882265;-0,31234045160239;-0,424468715900022;2153,2983225325;"FB13"
1;16;0,1226799731494;0,89735248076822;0,415812302185094;2788,98816974837;"FB14"
1;16;-0,106087282880466;-0,759766962601738;-0,638893585776901;2631,14078778783;"FB15"
1;16;0,451842690175166;0,688101373235144;0,564112694348578;2577,08287047588;"FB16"
1;16;-0,487275501241053;0,383351733742424;0,766189617410188;5030,03701080103;"FB17"
1;16;0,607680924410553;-0,547541413552574;0,570701416900739;6392,58257347175;"FB18"
1;16;-0,648045540648724;0,0046140105947087;-0,756550495090218;2587,93488047944;"FB19"
1;16;0;0;-1;3070,52030946882;"FB20"
1;16;0,551654548685857;-0,173441554450434;0,805800763866556;5530,43852024377;"FB21"
1;16;-0,662201924374828;-0,491778259022554;-0,558753700458736;1400,28429741522;"FB22"
1;16;-0,219149062438163;-0,674917214644476;-0,700804462661553;1939,85610245345;"FB23"
1;16;0,214170069442899;-0,341146819820084;-0,912820251927522;1420,71511631793;"FB24"
1;16;0,389553022717449;-0,344554119805978;-0,852494831018015;1880,61071370442;"FB25"
1;16;-0,664491418187429;0,28141584666362;-0,685587669334305;3644,74797832407;"FB26"
1;16;-0,844948866270397;0,271475638503809;0,44186761807166;5347,40877883172;"FB27"
1;16;0,943664267575703;0,120997943843597;0,28603807061397;4262,15428748665;"FB28"
1;16;0,878015237632425;0,170507354003377;0,442928014160457;4004,87344882888;"FB29"
1;16;0,829667267020096;-0,275323838590017;-0,470443595014771;4345,58105262454;"FB30"
1;16;-0,774029282171199;-0,313700705595604;-0,548541034747888;1807,62835867537;"FB31"
1;16;0;1;0;4581,90708320944;"FB32"
1;16;-0,533115046238266;-0,59199774893678;-0,601716297718264;1348,79397428274;"FB33"
1;16;-0,329593653177808;-0,878569668688815;-0,333879117403696;2968,75450838548;"FB34"
1;16;-0,0244501726520984;-0,90860610006178;-0,400682146376967;3653,37615132052;"FB35"
1;16;-0,303644911188705;0,0782921794708315;-0,946860369950077;3379,53352619536;"FB36"
1;17;0;-1;0;4400;"FB1"
1;17;-0,494018763678054;-0,664897355241773;-0,556472263654807;1369,58818348825;"FB2"
1;17;0,290683386075585;0,800771796404202;0,521659439936327;2057,01234188736;"FB3"
1;17;-0,013694126564246;-0,371794916774119;-0,926629459188287;1388,83229600288;"FB4"
1;17;0,7461345849761;0,343819480397667;0,566807346302538;2968,32192517294;"FB5"
1;17;-0,620936386493876;-0,316078144733548;-0,711919697469704;1274,79969934571;"FB6"
1;17;-1;0;0;4500;"FB7"
1;17;0;0;1;4001;"FB8"
1;17;-0,440361658437872;-0,372243524745429;-0,812481310506751;1383,96969932761;"FB9"
1;17;-0,232602282067252;-0,375896521679679;-0,894590877173709;1420,42378300745;"FB10"
1;17;-0,0106979782173781;0,846094275267751;0,528432235101807;2291,32945947634;"FB11"
1;17;0,621756874966873;-0,321100193899964;-0,708920402519927;3134,04320735937;"FB12"
1;17;-0,848445858882265;-0,31234045160239;-0,424468715900022;2079,71489246853;"FB13"
1;17;0,1226799731494;0,89735248076822;0,415812302185094;2439,13059948503;"FB14"
1;17;-0,106087282880466;-0,759766962601738;-0,638893585776901;2641,67437914127;"FB15"
1;17;0,451842690175166;0,688101373235144;0,564112694348578;2440,9551454366;"FB16"
1;17;-0,487275501241053;0,383351733742424;0,766189617410188;5316,03720028113;"FB17"
1;17;0,607680924410553;-0,547541413552574;0,570701416900739;6495,1815020467;"FB18"
1;17;-0,648045540648724;0,0046140105947087;-0,756550495090218;2313,39132043571;"FB19"
1;17;0;0;-1;2898,68927765797;"FB20"
1;17;0,551654548685857;-0,173441554450434;0,805800763866556;5623,57813244003;"FB21"
1;17;-0,662201924374828;-0,491778259022554;-0,558753700458736;1366,86766392881;"FB22"
1;17;-0,219149062438163;-0,674917214644476;-0,700804462661553;1945,26988165142;"FB23"
1;17;0,214170069442899;-0,341146819820084;-0,912820251927522;1418,90557147257;"FB24"
1;17;0,389553022717449;-0,344554119805978;-0,852494831018015;1898,6029533518;"FB25"
1;17;-0,664491418187429;0,28141584666362;-0,685587669334305;3233,85972795233;"FB26"
1;17;-0,844948866270397;0,271475638503809;0,44186761807166;5611,09480596585;"FB27"
1;17;0,943664267575703;0,120997943843597;0,28603807061397;4400,89715144808;"FB28"
1;17;0,878015237632425;0,170507354003377;0,442928014160457;4141,1194084697;"FB29"
1;17;0,829667267020096;-0,275323838590017;-0,470443595014771;4489,88205858112;"FB30"
1;17;-0,774029282171199;-0,313700705595604;-0,548541034747888;1614,35194668569;"FB31"
1;17;0;1;0;4081,48088507566;"FB32"
1;17;-0,533115046238266;-0,59199774893678;-0,601716297718264;1346,4029038558;"FB33"
1;17;-0,329593653177808;-0,878569668688815;-0,333879117403696;2958,20373880576;"FB34"
1;17;-0,0244501726520984;-0,90860610006178;-0,400682146376967;3662,20314681526;"FB35"
1;17;-0,303644911188705;0,0782921794708315;-0,946860369950077;3164,17033144067;"FB36"
1;18;0;-1;0;4400;"FB1"
1;18;-0,494018763678054;-0,664897355241773;-0,556472263654807;1443,8608095674;"FB2"
1;18;0,290683386075585;0,800771796404202;0,521659439936327;2213,5812719997;"FB3"
1;18;-0,013694126564246;-0,371794916774119;-0,926629459188287;1406,60374038228;"FB4"
1;18;0,7461345849761;0,343819480397667;0,566807346302538;2729,0275334217;"FB5"
1;18;-0,620936386493876;-0,316078144733548;-0,711919697469704;1291,36197505109;"FB6"
1;18;-1;0;0;4500;"FB7"
1;18;0;0;1;4001;"FB8"
1;18;-0,440361658437872;-0,372243524745429;-0,812481310506751;1390,44342412501;"FB9"
1;18;-0,232602282067252;-0,375896521679679;-0,894590877173709;1436,11977654931;"FB10"
1;18;-0,0106979782173781;0,846094275267751;0,528432235101807;2417,04027882469;"FB11"
1;18;0,621756874966873;-0,321100193899964;-0,708920402519927;3566,26839643957;"FB12"
1;18;-0,848445858882265;-0,31234045160239;-0,424468715900022;2266,85936383767;"FB13"
1;18;0,1226799731494;0,89735248076822;0,415812302185094;3030,54937540019;"FB14"
1;18;-0,106087282880466;-0,759766962601738;-0,638893585776901;2589,20726958597;"FB15"
1;18;0,451842690175166;0,688101373235144;0,564112694348578;2473,68455364522;"FB16"
1;18;-0,487275501241053;0,383351733742424;0,766189617410188;5130,0935198753;"FB17"
1;18;0,607680924410553;-0,547541413552574;0,570701416900739;6282,08027983993;"FB18"
1;18;-0,648045540648724;0,0046140105947087;-0,756550495090218;2579,62087979768;"FB19"
1;18;0;0;-1;3244,21865485691;"FB20"
1;18;0,551654548685857;-0,173441554450434;0,805800763866556;5430,12420976686;"FB21"
1;18;-0,662201924374828;-0,491778259022554;-0,558753700458736;1398,76044032779;"FB22"
1;18;-0,219149062438163;-0,674917214644476;-0,700804462661553;1849,36361821467;"FB23"
1;18;0,214170069442899;-0,341146819820084;-0,912820251927522;1468,36850772021;"FB24"
1;18;0,389553022717449;-0,344554119805978;-0,852494831018015;2388,04065923943;"FB25"
1;18;-0,664491418187429;0,28141584666362;-0,685587669334305;3696,15229552768;"FB26"
1;18;-0,844948866270397;0,271475638503809;0,44186761807166;5479,41631094217;"FB27"
1;18;0,943664267575703;0,120997943843597;0,28603807061397;4327,79721784061;"FB28"
1;18;0,878015237632425;0,170507354003377;0,442928014160457;3978,30732593563;"FB29"
1;18;0,829667267020096;-0,275323838590017;-0,470443595014771;4640,67542879836;"FB30"
1;18;-0,774029282171199;-0,313700705595604;-0,548541034747888;1899,62834342716;"FB31"
1;18;0;1;0;4882,69340136269;"FB32"
1;18;-0,533115046238266;-0,59199774893678;-0,601716297718264;1417,4028231475;"FB33"
1;18;-0,329593653177808;-0,878569668688815;-0,333879117403696;2983,80174169339;"FB34"
1;18;-0,0244501726520984;-0,90860610006178;-0,400682146376967;3645,29558887845;"FB35"
1;18;-0,303644911188705;0,0782921794708315;-0,946860369950077;3458,95401818946;"FB36"
1;19;0;-1;0;4400;"FB1"
1;19;-0,494018763678054;-0,664897355241773;-0,556472263654807;1441,34311992144;"FB2"
1;19;0,290683386075585;0,800771796404202;0,521659439936327;2236,08262717267;"FB3"
1;19;-0,013694126564246;-0,371794916774119;-0,926629459188287;1424,32054652466;"FB4"
1;19;0,7461345849761;0,343819480397667;0,566807346302538;2721,35227565998;"FB5"
1;19;-0,620936386493876;-0,316078144733548;-0,711919697469704;1304,4294085928;"FB6"
1;19;-1;0;0;4500;"FB7"
1;19;0;0;1;4001;"FB8"
1;19;-0,440361658437872;-0,372243524745429;-0,812481310506751;1405,73728825781;"FB9"
1;19;-0,232602282067252;-0,375896521679679;-0,894590877173709;1453,06262797466;"FB10"
1;19;-0,0106979782173781;0,846094275267751;0,528432235101807;2428,80065549854;"FB11"
1;19;0,621756874966873;-0,321100193899964;-0,708920402519927;3698,6986813073;"FB12"
1;19;-0,848445858882265;-0,31234045160239;-0,424468715900022;2294,15860247548;"FB13"
1;19;0,1226799731494;0,89735248076822;0,415812302185094;3047,17802846098;"FB14"
1;19;-0,106087282880466;-0,759766962601738;-0,638893585776901;2602,85011799054;"FB15"
1;19;0,451842690175166;0,688101373235144;0,564112694348578;2450,25399970273;"FB16"
1;19;-0,487275501241053;0,383351733742424;0,766189617410188;5044,15090056072;"FB17"
1;19;0,607680924410553;-0,547541413552574;0,570701416900739;6279,317640579;"FB18"
1;19;-0,648045540648724;0,0046140105947087;-0,756550495090218;2570,05272580218;"FB19"
1;19;0;0;-1;3236,34050494259;"FB20"
1;19;0,551654548685857;-0,173441554450434;0,805800763866556;5427,61627763759;"FB21"
1;19;-0,662201924374828;-0,491778259022554;-0,558753700458736;1392,94137121354;"FB22"
1;19;-0,219149062438163;-0,674917214644476;-0,700804462661553;1844,01796529093;"FB23"
1;19;0,214170069442899;-0,341146819820084;-0,912820251927522;1586,84654197533;"FB24"
1;19;0,389553022717449;-0,344554119805978;-0,852494831018015;2518,71028843002;"FB25"
1;19;-0,664491418187429;0,28141584666362;-0,685587669334305;3688,54591533165;"FB26"
1;19;-0,844948866270397;0,271475638503809;0,44186761807166;5418,55489986848;"FB27"
1;19;0,943664267575703;0,120997943843597;0,28603807061397;4369,54708474808;"FB28"
1;19;0,878015237632425;0,170507354003377;0,442928014160457;3996,64105924557;"FB29"
1;19;0,829667267020096;-0,275323838590017;-0,470443595014771;4761,84197481623;"FB30"
1;19;-0,774029282171199;-0,313700705595604;-0,548541034747888;1898,09659574825;"FB31"
1;19;0;1;0;4892,17222218376;"FB32"
1;19;-0,533115046238266;-0,59199774893678;-0,601716297718264;1416,89473250235;"FB33"
1;19;-0,329593653177808;-0,878569668688815;-0,333879117403696;2988,66917379707;"FB34"
1;19;-0,0244501726520984;-0,90860610006178;-0,400682146376967;3662,16756650165;"FB35"
1;19;-0,303644911188705;0,0782921794708315;-0,946860369950077;3444,66715971209;"FB36"
1;20;0;-1;0;4400;"FB1"
1;20;-0,494018763678054;-0,664897355241773;-0,556472263654807;1385,82969979411;"FB2"
1;20;0,290683386075585;0,800771796404202;0,521659439936327;2420,73449736525;"FB3"
1;20;-0,013694126564246;-0,371794916774119;-0,926629459188287;1416,49930314371;"FB4"
1;20;0,7461345849761;0,343819480397667;0,566807346302538;2609,37076041242;"FB5"
1;20;-0,620936386493876;-0,316078144733548;-0,711919697469704;1333,80733878249;"FB6"
1;20;-1;0;0;4481,43350377629;"FB7"
1;20;0;0;1;4001;"FB8"
1;20;-0,440361658437872;-0,372243524745429;-0,812481310506751;1388,15104618772;"FB9"
1;20;-0,232602282067252;-0,375896521679679;-0,894590877173709;1436,16724067325;"FB10"
1;20;-0,0106979782173781;0,846094275267751;0,528432235101807;2441,24452358029;"FB11"
1;20;0,621756874966873;-0,321100193899964;-0,708920402519927;3818,44894741345;"FB12"
1;20;-0,848445858882265;-0,31234045160239;-0,424468715900022;2351,42800861663;"FB13"
1;20;0,1226799731494;0,89735248076822;0,415812302185094;3130,79727882057;"FB14"
1;20;-0,106087282880466;-0,759766962601738;-0,638893585776901;2714,9849629772;"FB15"
1;20;0,451842690175166;0,688101373235144;0,564112694348578;2559,84604168987;"FB16"
1;20;-0,487275501241053;0,383351733742424;0,766189617410188;4843,87108843865;"FB17"
1;20;0,607680924410553;-0,547541413552574;0,570701416900739;6186,85152498411;"FB18"
1;20;-0,648045540648724;0,0046140105947087;-0,756550495090218;2540,68430532046;"FB19"
1;20;0;0;-1;3227,22942092465;"FB20"
1;20;0,551654548685857;-0,173441554450434;0,805800763866556;5343,67526317065;"FB21"
1;20;-0,662201924374828;-0,491778259022554;-0,558753700458736;1390,61510440574;"FB22"
1;20;-0,219149062438163;-0,674917214644476;-0,700804462661553;1959,53097693533;"FB23"
1;20;0,214170069442899;-0,341146819820084;-0,912820251927522;1746,99336035499;"FB24"
1;20;0,389553022717449;-0,344554119805978;-0,852494831018015;2667,39015236226;"FB25"
1;20;-0,664491418187429;0,28141584666362;-0,685587669334305;3657,43798545284;"FB26"
1;20;-0,844948866270397;0,271475638503809;0,44186761807166;5234,61695577524;"FB27"
1;20;0,943664267575703;0,120997943843597;0,28603807061397;4305,62915192036;"FB28"
1;20;0,878015237632425;0,170507354003377;0,442928014160457;3905,28172368163;"FB29"
1;20;0,829667267020096;-0,275323838590017;-0,470443595014771;5049,28655822901;"FB30"
1;20;-0,774029282171199;-0,313700705595604;-0,548541034747888;1918,16821107513;"FB31"
1;20;0;1;0;4902,16904720129;"FB32"
1;20;-0,533115046238266;-0,59199774893678;-0,601716297718264;1368,68909096376;"FB33"
1;20;-0,329593653177808;-0,878569668688815;-0,333879117403696;2988,01857994009;"FB34"
1;20;-0,0244501726520984;-0,90860610006178;-0,400682146376967;3735,55882412603;"FB35"
1;20;-0,303644911188705;0,0782921794708315;-0,946860369950077;3424,81196132454;"FB36"
1;21;0;-1;0;4400;"FB1"
1;21;-0,494018763678054;-0,664897355241773;-0,556472263654807;1393,60503507575;"FB2"
1;21;0,290683386075585;0,800771796404202;0,521659439936327;2619,62967532084;"FB3"
1;21;-0,013694126564246;-0,371794916774119;-0,926629459188287;1348,25000874093;"FB4"
1;21;0,7461345849761;0,343819480397667;0,566807346302538;2478,17980027376;"FB5"
1;21;-0,620936386493876;-0,316078144733548;-0,711919697469704;1416,53077326885;"FB6"
1;21;-1;0;0;4500;"FB7"
1;21;0;0;1;4001;"FB8"
1;21;-0,440361658437872;-0,372243524745429;-0,812481310506751;1338,19804127524;"FB9"
1;21;-0,232602282067252;-0,375896521679679;-0,894590877173709;1378,76753839413;"FB10"
1;21;-0,0106979782173781;0,846094275267751;0,528432235101807;2520,78211827427;"FB11"
1;21;0,621756874966873;-0,321100193899964;-0,708920402519927;4352,31923228374;"FB12"
1;21;-0,848445858882265;-0,31234045160239;-0,424468715900022;2391,06134696274;"FB13"
1;21;0,1226799731494;0,89735248076822;0,415812302185094;3273,60601403265;"FB14"
1;21;-0,106087282880466;-0,759766962601738;-0,638893585776901;2806,24924593542;"FB15"
1;21;0,451842690175166;0,688101373235144;0,564112694348578;2662,56851515256;"FB16"
1;21;-0,487275501241053;0,383351733742424;0,766189617410188;4813,1120167262;"FB17"
1;21;0,607680924410553;-0,547541413552574;0,570701416900739;6059,83129259152;"FB18"
1;21;-0,648045540648724;0,0046140105947087;-0,756550495090218;2524,8963308954;"FB19"
1;21;0;0;-1;3249,40092723137;"FB20"
1;21;0,551654548685857;-0,173441554450434;0,805800763866556;5228,36591880959;"FB21"
1;21;-0,662201924374828;-0,491778259022554;-0,558753700458736;1501,28697012013;"FB22"
1;21;-0,219149062438163;-0,674917214644476;-0,700804462661553;2076,52820323715;"FB23"
1;21;0,214170069442899;-0,341146819820084;-0,912820251927522;2306,36943115826;"FB24"
1;21;0,389553022717449;-0,344554119805978;-0,852494831018015;3231,1848292355;"FB25"
1;21;-0,664491418187429;0,28141584666362;-0,685587669334305;3656,41535287163;"FB26"
1;21;-0,844948866270397;0,271475638503809;0,44186761807166;5218,68313984674;"FB27"
1;21;0,943664267575703;0,120997943843597;0,28603807061397;4351,05148070075;"FB28"
1;21;0,878015237632425;0,170507354003377;0,442928014160457;3848,26487570198;"FB29"
1;21;0,829667267020096;-0,275323838590017;-0,470443595014771;5281,20917170548;"FB30"
1;21;-0,774029282171199;-0,313700705595604;-0,548541034747888;2060,50721915136;"FB31"
1;21;0;1;0;5012,14317197722;"FB32"
1;21;-0,533115046238266;-0,59199774893678;-0,601716297718264;1374,24235320843;"FB33"
1;21;-0,329593653177808;-0,878569668688815;-0,333879117403696;2993,20603707446;"FB34"
1;21;-0,0244501726520984;-0,90860610006178;-0,400682146376967;3784,88020450198;"FB35"
1;21;-0,303644911188705;0,0782921794708315;-0,946860369950077;3403,4744710229;"FB36"
1;22;0;-1;0;4400;"FB1"
1;22;-0,494018763678054;-0,664897355241773;-0,556472263654807;1397,17742074005;"FB2"
1;22;0,290683386075585;0,800771796404202;0,521659439936327;2683,52292353481;"FB3"
1;22;-0,013694126564246;-0,371794916774119;-0,926629459188287;1386,14321265698;"FB4"
1;22;0,7461345849761;0,343819480397667;0,566807346302538;2526,70444969931;"FB5"
1;22;-0,620936386493876;-0,316078144733548;-0,711919697469704;1285,3431230959;"FB6"
1;22;-1;0;0;4500;"FB7"
1;22;0;0;1;4001;"FB8"
1;22;-0,440361658437872;-0,372243524745429;-0,812481310506751;1342,97593182987;"FB9"
1;22;-0,232602282067252;-0,375896521679679;-0,894590877173709;1396,2792141429;"FB10"
1;22;-0,0106979782173781;0,846094275267751;0,528432235101807;2635,12677701405;"FB11"
1;22;0,621756874966873;-0,321100193899964;-0,708920402519927;3872,34878223842;"FB12"
1;22;-0,848445858882265;-0,31234045160239;-0,424468715900022;2314,07041557994;"FB13"
1;22;0,1226799731494;0,89735248076822;0,415812302185094;3370,15635138587;"FB14"
1;22;-0,106087282880466;-0,759766962601738;-0,638893585776901;2775,54978920788;"FB15"
1;22;0,451842690175166;0,688101373235144;0,564112694348578;2710,17917285955;"FB16"
1;22;-0,487275501241053;0,383351733742424;0,766189617410188;5018,71209336687;"FB17"
1;22;0,607680924410553;-0,547541413552574;0,570701416900739;6125,50246143638;"FB18"
1;22;-0,648045540648724;0,0046140105947087;-0,756550495090218;2576,94736780271;"FB19"
1;22;0;0;-1;3277,50427553416;"FB20"
1;22;0,551654548685857;-0,173441554450434;0,805800763866556;5287,98240100528;"FB21"
1;22;-0,662201924374828;-0,491778259022554;-0,558753700458736;1470,48901003341;"FB22"
1;22;-0,219149062438163;-0,674917214644476;-0,700804462661553;2055,16854943089;"FB23"
1;22;0,214170069442899;-0,341146819820084;-0,912820251927522;2204,93324602254;"FB24"
1;22;0,389553022717449;-0,344554119805978;-0,852494831018015;2961,05387118133;"FB25"
1;22;-0,664491418187429;0,28141584666362;-0,685587669334305;3690,07817496936;"FB26"
1;22;-0,844948866270397;0,271475638503809;0,44186761807166;5400,3790671011;"FB27"
1;22;0,943664267575703;0,120997943843597;0,28603807061397;3945,55658613509;"FB28"
1;22;0,878015237632425;0,170507354003377;0,442928014160457;3675,11216078893;"FB29"
1;22;0,829667267020096;-0,275323838590017;-0,470443595014771;4563,22763368365;"FB30"
1;22;-0,774029282171199;-0,313700705595604;-0,548541034747888;1955,46169562366;"FB31"
1;22;0;1;0;5146,36552357816;"FB32"
1;22;-0,533115046238266;-0,59199774893678;-0,601716297718264;1373,91360753587;"FB33"
1;22;-0,329593653177808;-0,878569668688815;-0,333879117403696;2995,5894195049;"FB34"
1;22;-0,0244501726520984;-0,90860610006178;-0,400682146376967;3760,58496554094;"FB35"
1;22;-0,303644911188705;0,0782921794708315;-0,946860369950077;3487,80085656011;"FB36"
1;23;0;-1;0;4400;"FB1"
1;23;-0,494018763678054;-0,664897355241773;-0,556472263654807;1471,25196959194;"FB2"
1;23;0,290683386075585;0,800771796404202;0,521659439936327;2352,92457212617;"FB3"
1;23;-0,013694126564246;-0,371794916774119;-0,926629459188287;1396,17840038269;"FB4"
1;23;0,7461345849761;0,343819480397667;0,566807346302538;2832,74686330677;"FB5"
1;23;-0,620936386493876;-0,316078144733548;-0,711919697469704;1279,95889938113;"FB6"
1;23;-1;0;0;4500;"FB7"
1;23;0;0;1;4001,00000000001;"FB8"
1;23;-0,440361658437872;-0,372243524745429;-0,812481310506751;1379,4310799944;"FB9"
1;23;-0,232602282067252;-0,375896521679679;-0,894590877173709;1424,95864766352;"FB10"
1;23;-0,0106979782173781;0,846094275267751;0,528432235101807;2465,49019607448;"FB11"
1;23;0,621756874966873;-0,321100193899964;-0,708920402519927;3581,0794040734;"FB12"
1;23;-0,848445858882265;-0,31234045160239;-0,424468715900022;2163,90209385848;"FB13"
1;23;0,1226799731494;0,89735248076822;0,415812302185094;3115,42112900724;"FB14"
1;23;-0,106087282880466;-0,759766962601738;-0,638893585776901;2663,35917979867;"FB15"
1;23;0,451842690175166;0,688101373235144;0,564112694348578;2601,36668068808;"FB16"
1;23;-0,487275501241053;0,383351733742424;0,766189617410188;5356,40422506078;"FB17"
1;23;0,607680924410553;-0,547541413552574;0,570701416900739;6373,12569800751;"FB18"
1;23;-0,648045540648724;0,0046140105947087;-0,756550495090218;2488,85766389516;"FB19"
1;23;0;0;-1;3228,83057533864;"FB20"
1;23;0,551654548685857;-0,173441554450434;0,805800763866556;5512,7755108882;"FB21"
1;23;-0,662201924374828;-0,491778259022554;-0,558753700458736;1397,87974720083;"FB22"
1;23;-0,219149062438163;-0,674917214644476;-0,700804462661553;1887,0272158332;"FB23"
1;23;0,214170069442899;-0,341146819820084;-0,912820251927522;1729,72419570857;"FB24"
1;23;0,389553022717449;-0,344554119805978;-0,852494831018015;2551,56689031575;"FB25"
1;23;-0,664491418187429;0,28141584666362;-0,685587669334305;3539,45225667305;"FB26"
1;23;-0,844948866270397;0,271475638503809;0,44186761807166;5639,68125246388;"FB27"
1;23;0,943664267575703;0,120997943843597;0,28603807061397;4411,94225039203;"FB28"
1;23;0,878015237632425;0,170507354003377;0,442928014160457;4076,50220474438;"FB29"
1;23;0,829667267020096;-0,275323838590017;-0,470443595014771;4634,077557718;"FB30"
1;23;-0,774029282171199;-0,313700705595604;-0,548541034747888;1845,99117439209;"FB31"
1;23;0;1;0;4923,38776845413;"FB32"
1;23;-0,533115046238266;-0,59199774893678;-0,601716297718264;1440,72144269234;"FB33"
1;23;-0,329593653177808;-0,878569668688815;-0,333879117403696;3022,12031622918;"FB34"
1;23;-0,0244501726520984;-0,90860610006178;-0,400682146376967;3709,68161812391;"FB35"
1;23;-0,303644911188705;0,0782921794708315;-0,946860369950077;3406,18389134977;"FB36"
1;24;0;-1;0;4400;"FB1"
1;24;-0,494018763678054;-0,664897355241773;-0,556472263654807;1583,63972244829;"FB2"
1;24;0,290683386075585;0,800771796404202;0,521659439936327;2613,27776802251;"FB3"
1;24;-0,013694126564246;-0,371794916774119;-0,926629459188287;1315,78376404479;"FB4"
1;24;0,7461345849761;0,343819480397667;0,566807346302538;2677,04142200342;"FB5"
1;24;-0,620936386493876;-0,316078144733548;-0,711919697469704;1221,67827169318;"FB6"
1;24;-1;0;0;4500;"FB7"
1;24;0;0;1;4001;"FB8"
1;24;-0,440361658437872;-0,372243524745429;-0,812481310506751;1338,80019704236;"FB9"
1;24;-0,232602282067252;-0,375896521679679;-0,894590877173709;1355,03569030513;"FB10"
1;24;-0,0106979782173781;0,846094275267751;0,528432235101807;2453,87633477819;"FB11"
1;24;0,621756874966873;-0,321100193899964;-0,708920402519927;3642,25301483642;"FB12"
1;24;-0,848445858882265;-0,31234045160239;-0,424468715900022;2289,24280412341;"FB13"
1;24;0,1226799731494;0,89735248076822;0,415812302185094;3153,34896079944;"FB14"
1;24;-0,106087282880466;-0,759766962601738;-0,638893585776901;2743,40137240938;"FB15"
1;24;0,451842690175166;0,688101373235144;0,564112694348578;2741,55616310672;"FB16"
1;24;-0,487275501241053;0,383351733742424;0,766189617410188;5366,37864770699;"FB17"
1;24;0,607680924410553;-0,547541413552574;0,570701416900739;6232,26219332329;"FB18"
1;24;-0,648045540648724;0,0046140105947087;-0,756550495090218;2582,05981282862;"FB19"
1;24;0;0;-1;3244,96677541339;"FB20"
1;24;0,551654548685857;-0,173441554450434;0,805800763866556;5384,89920281048;"FB21"
1;24;-0,662201924374828;-0,491778259022554;-0,558753700458736;1426,69072062751;"FB22"
1;24;-0,219149062438163;-0,674917214644476;-0,700804462661553;2102,44495003905;"FB23"
1;24;0,214170069442899;-0,341146819820084;-0,912820251927522;1753,61730946712;"FB24"
1;24;0,389553022717449;-0,344554119805978;-0,852494831018015;2594,01375342646;"FB25"
1;24;-0,664491418187429;0,28141584666362;-0,685587669334305;3678,46722100797;"FB26"
1;24;-0,844948866270397;0,271475638503809;0,44186761807166;5646,74477277237;"FB27"
1;24;0,943664267575703;0,120997943843597;0,28603807061397;4289,03744342844;"FB28"
1;24;0,878015237632425;0,170507354003377;0,442928014160457;3928,55996329622;"FB29"
1;24;0,829667267020096;-0,275323838590017;-0,470443595014771;4663,1770976195;"FB30"
1;24;-0,774029282171199;-0,313700705595604;-0,548541034747888;1813,39023451999;"FB31"
1;24;0;1;0;4916,25131727793;"FB32"
1;24;-0,533115046238266;-0,59199774893678;-0,601716297718264;1519,16785344096;"FB33"
1;24;-0,329593653177808;-0,878569668688815;-0,333879117403696;3119,99115425361;"FB34"
1;24;-0,0244501726520984;-0,90860610006178;-0,400682146376967;3706,94334213905;"FB35"
1;24;-0,303644911188705;0,0782921794708315;-0,946860369950077;3479,28177137731;"FB36"
